{
    "category": "1",
    "code": 200,
    "desc": "success",
    "name": "appCallJSON",
    "paramList": [
        {
            "appId": "5581",
            "appName": "tzoa",
            "category": "1",
            "date": "20160712104105",
            "dept": "区政府办文书科_收文室",
            "docId": "ReceiveDoc,3307135",
            "indexs": "1|10|12",
            "modifyDate": "20160712104105",
            "newPbd": "1",
            "nextOpUsers": "zhuzhigao",
            "restore": false,
            "status": 3,
            "title": "清洁能源建设工作方案的通知",
            "url": "http://localhost:8555/wxapp/images/0.jpg|
                    http://localhost:8555/wxapp/images/1.jpg|
                    http://localhost:8555/wxapp/images/2.jpg|
                    http://localhost:8555/wxapp/images/3.jpg|
                    http://localhost:8555/wxapp/images/4.jpg|
                    http://localhost:8555/wxapp/images/5.jpg|
                    http://localhost:8555/wxapp/images/6.jpg|
                    http://localhost:8555/wxapp/images/7.jpg|
                    http://localhost:8555/wxapp/images/8.jpg|
                    http://localhost:8555/wxapp/images/9.jpg|
                    http://localhost:8555/wxapp/images/10.jpg|
                    http://localhost:8555/wxapp/images/11.jpg|
                    http://localhost:8555/wxapp/images/12.jpg|
                    http://localhost:8555/wxapp/images/13.jpg|
                    http://localhost:8555/wxapp/images/14.jpg|"
        },
        {
            "appId": "5581",
            "appName": "tzoa",
            "category": "1",
            "date": "20160712104105",
            "dept": "区政府办文书科_收文室",
            "docId": "ReceiveDoc,3307135",
            "indexs": "1|10|12",
            "modifyDate": "20160712104105",
            "newPbd": "1",
            "nextOpUsers": "zhuzhigao",
            "restore": false,
            "status": 3,
            "title": "梨园请示报告-王娟071101",
            "url": "http://localhost:8555/wxapp/images/0.jpg|
                    http://localhost:8555/wxapp/images/1.jpg|
                    http://localhost:8555/wxapp/images/2.jpg|
                    http://localhost:8555/wxapp/images/3.jpg|
                    http://localhost:8555/wxapp/images/4.jpg|
                    http://localhost:8555/wxapp/images/5.jpg|
                    http://localhost:8555/wxapp/images/6.jpg|
                    http://localhost:8555/wxapp/images/7.jpg|
                    http://localhost:8555/wxapp/images/8.jpg|
                    http://localhost:8555/wxapp/images/9.jpg|
                    http://localhost:8555/wxapp/images/10.jpg|
                    http://localhost:8555/wxapp/images/11.jpg|
                    http://localhost:8555/wxapp/images/12.jpg|
                    http://localhost:8555/wxapp/images/13.jpg|
                    http://localhost:8555/wxapp/images/14.jpg|"
        },
        {
            "appId": "5581",
            "appName": "tzoa",
            "category": "1",
            "date": "20160712104105",
            "dept": "区政府办文书科_收文室",
            "docId": "ReceiveDoc,3307135",
            "indexs": "1|10|12",
            "modifyDate": "20160712104105",
            "newPbd": "1",
            "nextOpUsers": "zhuzhigao",
            "restore": false,
            "status": 3,
            "title": "测试-芳芳016",
            "url": "http://localhost:8555/wxapp/images/0.jpg|
                    http://localhost:8555/wxapp/images/1.jpg|
                    http://localhost:8555/wxapp/images/2.jpg|
                    http://localhost:8555/wxapp/images/3.jpg|
                    http://localhost:8555/wxapp/images/4.jpg|
                    http://localhost:8555/wxapp/images/5.jpg|
                    http://localhost:8555/wxapp/images/6.jpg|
                    http://localhost:8555/wxapp/images/7.jpg|
                    http://localhost:8555/wxapp/images/8.jpg|
                    http://localhost:8555/wxapp/images/9.jpg|
                    http://localhost:8555/wxapp/images/10.jpg|
                    http://localhost:8555/wxapp/images/11.jpg|
                    http://localhost:8555/wxapp/images/12.jpg|
                    http://localhost:8555/wxapp/images/13.jpg|
                    http://localhost:8555/wxapp/images/14.jpg|"
        },
        {
            "appId": "5581",
            "appName": "tzoa",
            "category": "1",
            "date": "20160712104105",
            "dept": "区政府办文书科_收文室",
            "docId": "ReceiveDoc,3307135",
            "indexs": "1|10|12",
            "modifyDate": "20160712104105",
            "newPbd": "1",
            "nextOpUsers": "zhuzhigao",
            "restore": false,
            "status": 3,
            "title": "通州区职工乒乓球比赛规程",
            "url": "http://localhost:8555/wxapp/images/0.jpg|
                    http://localhost:8555/wxapp/images/1.jpg|
                    http://localhost:8555/wxapp/images/2.jpg|
                    http://localhost:8555/wxapp/images/3.jpg|
                    http://localhost:8555/wxapp/images/4.jpg|
                    http://localhost:8555/wxapp/images/5.jpg|
                    http://localhost:8555/wxapp/images/6.jpg|
                    http://localhost:8555/wxapp/images/7.jpg|
                    http://localhost:8555/wxapp/images/8.jpg|
                    http://localhost:8555/wxapp/images/9.jpg|
                    http://localhost:8555/wxapp/images/10.jpg|
                    http://localhost:8555/wxapp/images/11.jpg|
                    http://localhost:8555/wxapp/images/12.jpg|
                    http://localhost:8555/wxapp/images/13.jpg|
                    http://localhost:8555/wxapp/images/14.jpg|"
        },
        {
            "appId": "5581",
            "appName": "tzoa",
            "category": "1",
            "date": "20160712104105",
            "dept": "区政府办文书科_收文室",
            "docId": "ReceiveDoc,3307135",
            "indexs": "1|10|12",
            "modifyDate": "20160712104105",
            "newPbd": "1",
            "nextOpUsers": "zhuzhigao",
            "restore": false,
            "status": 3,
            "title": "制文规范",
            "url": "http://localhost:8555/wxapp/images/0.jpg|
                    http://localhost:8555/wxapp/images/1.jpg|
                    http://localhost:8555/wxapp/images/2.jpg|
                    http://localhost:8555/wxapp/images/3.jpg|
                    http://localhost:8555/wxapp/images/4.jpg|
                    http://localhost:8555/wxapp/images/5.jpg|
                    http://localhost:8555/wxapp/images/6.jpg|
                    http://localhost:8555/wxapp/images/7.jpg|
                    http://localhost:8555/wxapp/images/8.jpg|
                    http://localhost:8555/wxapp/images/9.jpg|
                    http://localhost:8555/wxapp/images/10.jpg|
                    http://localhost:8555/wxapp/images/11.jpg|
                    http://localhost:8555/wxapp/images/12.jpg|
                    http://localhost:8555/wxapp/images/13.jpg|
                    http://localhost:8555/wxapp/images/14.jpg|"
        }
    ],
    "reqId": "1482287878373",
    "sum": 15
}
